price,area,bedrooms,bathrooms,stories,mainroad,guestroom,basement,hotwaterheating,airconditioning,parking,prefarea,furnishingstatus,bed_to_bath_ratio,area_per_room,total_rooms,log_price,log_area
13300000,7420,4,2,3,1,0,0,0,1,2,1,0,2,1236.666667,6,16.40327467,8.912069098
12250000,8960,4,4,4,1,0,0,0,1,3,0,0,1,1120,8,16.32103658,9.100637107
12250000,9960,3,2,2,1,0,1,0,0,2,1,1,1.5,1992,5,16.32103658,9.206432747
12215000,7500,4,2,2,1,0,1,0,1,3,1,0,2,1250,6,16.31817534,8.922791624
11410000,7420,4,1,2,1,1,1,0,1,2,0,0,4,1484,5,16.25000081,8.912069098
10850000,7500,3,3,1,1,0,1,0,1,2,1,1,1,1250,6,16.19967573,8.922791624
10150000,8580,4,3,4,1,0,0,0,1,2,1,1,1.333333333,1225.714286,7,16.13298436,9.057305736
10150000,16200,5,3,2,1,0,0,0,0,0,0,2,1.666666667,2025,8,16.13298436,9.692828248
9870000,8100,4,1,2,1,1,1,0,1,2,1,0,4,1620,5,16.10501051,8.99974279
9800000,5750,3,2,4,1,1,0,0,1,1,1,2,1.5,1150,5,16.09789305,8.657129032
9800000,13200,3,1,2,1,0,1,0,1,2,1,0,3,3300,4,16.09789305,9.488047863
9681000,6000,4,3,2,1,1,1,1,0,2,0,1,1.333333333,857.1428571,7,16.08567586,8.699681401
9310000,6550,4,2,2,1,0,0,0,1,1,1,1,2,1091.666667,6,16.04659976,8.787372989
9240000,3500,4,2,2,1,0,0,1,0,2,0,0,2,583.3333333,6,16.03905255,8.160803921
9240000,7800,3,2,2,1,0,0,0,0,0,1,1,1.5,1560,5,16.03905255,8.96200721
9100000,6000,4,1,2,1,0,1,0,0,2,0,1,4,1200,5,16.02378508,8.699681401
9100000,6600,4,2,2,1,1,1,0,1,1,1,2,2,1100,6,16.02378508,8.794976432
8960000,8500,3,2,4,1,0,0,0,1,2,0,0,1.5,1700,5,16.0082809,9.047939083
8890000,4600,3,2,2,1,1,0,0,1,2,0,0,1.5,920,5,16.00043772,8.43402895
8855000,6420,3,2,2,1,0,0,0,1,1,1,1,1.5,1284,5,15.99649294,8.767329148
8750000,4320,3,1,2,1,0,1,1,0,2,0,1,3,1080,4,15.98456437,8.371242136
8680000,7155,3,2,1,1,1,1,0,1,2,0,2,1.5,1431,5,15.9765322,8.875706445
8645000,8050,3,1,1,1,1,1,0,1,1,0,0,3,2012.5,4,15.97249179,8.993551586
8645000,4560,3,2,2,1,1,1,0,1,1,0,0,1.5,912,5,15.97249179,8.425297177
8575000,8800,3,2,2,1,0,0,0,1,2,0,0,1.5,1760,5,15.96436167,9.08262063
8540000,6540,4,2,2,1,1,1,0,1,2,1,0,2,1090,6,15.96027168,8.785845338
8463000,6000,3,2,4,1,1,1,0,1,0,1,1,1.5,1200,5,15.9512144,8.699681401
8400000,8875,3,1,1,1,0,0,0,0,1,0,1,3,2218.75,4,15.94374238,9.091106284
8400000,7950,5,2,2,1,0,1,1,0,2,0,2,2.5,1135.714286,7,15.94374238,8.981052986
8400000,5500,4,2,2,1,0,1,0,1,1,1,1,2,916.6666667,6,15.94374238,8.612685173
8400000,7475,3,2,4,1,0,0,0,1,2,0,2,1.5,1495,5,15.94374238,8.919453169
8400000,7000,3,1,4,1,0,0,0,1,2,0,1,3,1750,4,15.94374238,8.853808275
8295000,4880,4,2,2,1,0,0,0,1,1,1,0,2,813.3333333,6,15.9311636,8.493105396
8190000,5960,3,3,2,1,1,1,0,0,1,0,2,1,993.3333333,6,15.91842458,8.692993531
8120000,6840,5,1,2,1,1,1,0,1,1,0,0,5,1140,6,15.90984084,8.830689199
8080940,7000,3,2,4,1,0,0,0,1,2,0,0,1.5,1400,5,15.90501888,8.853808275
8043000,7482,3,2,3,1,0,0,1,0,1,1,0,1.5,1496.4,5,15.90031283,8.92038906
7980000,9000,4,2,4,1,0,0,0,1,2,0,0,2,1500,6,15.89244909,9.105090961
7962500,6000,3,1,4,1,1,0,0,1,2,0,2,3,1500,4,15.8902537,8.699681401
7910000,6000,4,2,4,1,0,0,0,1,1,0,1,2,1000,6,15.88363847,8.699681401
7875000,6550,3,1,2,1,0,1,0,1,0,1,0,3,1637.5,4,15.87920387,8.787372989
7840000,6360,3,2,4,1,0,0,0,1,0,1,0,1.5,1272,5,15.87474952,8.757940877
7700000,6480,3,2,4,1,0,0,0,1,2,0,2,1.5,1296,5,15.85673102,8.776630098
7700000,6000,4,2,4,1,0,0,0,0,2,0,1,2,1000,6,15.85673102,8.699681401
7560000,6000,4,2,4,1,0,0,0,1,1,0,0,2,1000,6,15.83838188,8.699681401
7560000,6000,3,2,3,1,0,0,0,1,0,0,1,1.5,1200,5,15.83838188,8.699681401
7525000,6000,3,2,4,1,0,0,0,1,1,0,0,1.5,1200,5,15.8337415,8.699681401
7490000,6600,3,1,4,1,0,0,0,1,3,1,0,3,1650,4,15.82907949,8.794976432
7455000,4300,3,2,2,1,0,1,0,0,1,0,2,1.5,860,5,15.82439564,8.366602833
7420000,7440,3,2,1,1,1,1,0,1,0,1,1,1.5,1488,5,15.81968975,8.914760527
7420000,7440,3,2,4,1,0,0,0,0,1,1,2,1.5,1488,5,15.81968975,8.914760527
7420000,6325,3,1,4,1,0,0,0,1,1,0,2,3,1581.25,4,15.81968975,8.752423404
7350000,6000,4,2,4,1,1,0,0,1,1,0,0,2,1000,6,15.81021101,8.699681401
7350000,5150,3,2,4,1,0,0,0,1,2,0,1,1.5,1030,5,15.81021101,8.54694615
7350000,6000,3,2,2,1,1,0,0,1,1,0,1,1.5,1200,5,15.81021101,8.699681401
7350000,6000,3,1,2,1,0,0,0,1,1,0,2,3,1500,4,15.81021101,8.699681401
7343000,11440,4,1,2,1,0,1,0,0,1,1,1,4,2288,5,15.80925817,9.344958674
7245000,9000,4,2,4,1,1,0,0,1,1,1,0,2,1500,6,15.79582227,9.105090961
7210000,7680,4,2,4,1,1,0,0,1,1,0,1,2,1280,6,15.79097965,8.946505026
7210000,6000,3,2,4,1,1,0,0,1,1,0,0,1.5,1200,5,15.79097965,8.699681401
7140000,6000,3,2,2,1,1,0,0,0,1,0,1,1.5,1200,5,15.78122347,8.699681401
7070000,8880,2,1,1,1,0,0,0,1,1,0,1,2,2960,3,15.77137118,9.091669442
7070000,6240,4,2,2,1,0,0,0,1,1,0,0,2,1040,6,15.77137118,8.738895705
7035000,6360,4,2,3,1,0,0,0,1,2,1,0,2,1060,6,15.76640839,8.757940877
7000000,11175,3,1,1,1,0,1,0,1,1,1,0,3,2793.75,4,15.76142085,9.321523901
6930000,8880,3,2,2,1,0,1,0,1,1,0,0,1.5,1776,5,15.75137052,9.091669442
6930000,13200,2,1,1,1,0,1,1,0,1,0,0,2,4400,3,15.75137052,9.488047863
6895000,7700,3,2,1,1,0,0,0,0,2,0,2,1.5,1540,5,15.74630721,8.94910547
6860000,6000,3,1,1,1,0,0,0,1,1,0,0,3,1500,4,15.74121815,8.699681401
6790000,12090,4,2,2,1,0,0,0,0,2,1,0,2,2015,6,15.73096165,9.400216653
6790000,4000,3,2,2,1,0,1,0,1,0,1,1,1.5,800,5,15.73096165,8.294299609
6755000,6000,4,2,4,1,0,0,0,1,0,0,2,2,1000,6,15.72579368,8.699681401
6720000,5020,3,1,4,1,0,0,0,1,0,1,2,3,1255,4,15.72059886,8.521384396
6685000,6600,2,2,4,1,0,1,0,0,0,1,0,1,1650,4,15.71537692,8.794976432
6650000,4040,3,1,2,1,0,1,1,0,1,0,0,3,1010,4,15.71012756,8.304247465
6650000,4260,4,2,2,1,0,0,1,0,0,0,1,2,710,6,15.71012756,8.357259153
6650000,6420,3,2,3,1,0,0,0,1,0,1,0,1.5,1284,5,15.71012756,8.767329148
6650000,6500,3,2,3,1,0,0,0,1,0,1,0,1.5,1300,5,15.71012756,8.77971129
6650000,5700,3,1,1,1,1,1,0,1,2,1,0,3,1425,4,15.71012756,8.648396877
6650000,6000,3,2,3,1,1,0,0,1,0,0,0,1.5,1200,5,15.71012756,8.699681401
6629000,6000,3,1,2,1,0,0,1,0,1,1,1,3,1500,4,15.70696467,8.699681401
6615000,4000,3,2,2,1,0,1,0,1,1,0,1,1.5,800,5,15.70485051,8.294299609
6615000,10500,3,2,1,1,0,1,0,1,1,1,0,1.5,2100,5,15.70485051,9.25922577
6580000,6000,3,2,4,1,0,0,0,1,0,0,1,1.5,1200,5,15.69954546,8.699681401
6510000,3760,3,1,2,1,0,0,1,0,2,0,1,3,940,4,15.68885017,8.232440158
6510000,8250,3,2,3,1,0,0,0,1,0,0,0,1.5,1650,5,15.68885017,9.018089684
6510000,6670,3,1,3,1,0,1,0,0,0,1,2,3,1667.5,4,15.68885017,8.805525053
6475000,3960,3,1,1,1,0,1,0,0,2,0,1,3,990,4,15.68345932,8.284251798
6475000,7410,3,1,1,1,1,1,0,1,2,1,2,3,1852.5,4,15.68345932,8.910720662
6440000,8580,5,3,2,1,0,0,0,0,2,0,0,1.666666667,1072.5,8,15.67803925,9.057305736
6440000,5000,3,1,2,1,0,0,0,1,0,0,1,3,1250,4,15.67803925,8.517393171
6419000,6750,2,1,1,1,1,1,0,0,2,1,0,2,2250,3,15.67477306,8.817445921
6405000,4800,3,2,4,1,1,0,0,1,0,0,0,1.5,960,5,15.67258965,8.476579509
6300000,7200,3,2,1,1,0,1,0,1,3,0,1,1.5,1440,5,15.65606035,8.881975184
6300000,6000,4,2,4,1,0,0,0,0,1,0,1,2,1000,6,15.65606035,8.699681401
6300000,4100,3,2,3,1,0,0,0,1,2,0,1,1.5,820,5,15.65606035,8.318986125
6300000,9000,3,1,1,1,0,1,0,0,1,1,0,3,2250,4,15.65606035,9.105090961
6300000,6400,3,1,1,1,1,1,0,1,1,1,1,3,1600,4,15.65606035,8.764209507
6293000,6600,3,2,3,1,0,0,0,1,0,1,2,1.5,1320,5,15.65494862,8.794976432
6265000,6000,4,1,3,1,1,1,0,0,0,1,2,4,1200,5,15.65048931,8.699681401
6230000,6600,3,2,1,1,0,1,0,1,0,1,2,1.5,1320,5,15.64488705,8.794976432
6230000,5500,3,1,3,1,0,0,0,0,1,1,2,3,1375,4,15.64488705,8.612685173
6195000,5500,3,2,4,1,1,0,0,1,1,0,1,1.5,1100,5,15.63925323,8.612685173
6195000,6350,3,2,3,1,1,0,0,1,0,0,0,1.5,1270,5,15.63925323,8.75636756
6195000,5500,3,2,1,1,1,1,0,0,2,1,0,1.5,1100,5,15.63925323,8.612685173
6160000,4500,3,1,4,1,0,0,0,1,0,0,2,3,1125,4,15.6335875,8.412054873
6160000,5450,4,2,1,1,0,1,0,1,0,1,1,2,908.3333333,6,15.6335875,8.603554357
6125000,6420,3,1,3,1,0,1,0,0,0,1,2,3,1605,4,15.62788948,8.767329148
6107500,3240,4,1,3,1,0,0,0,0,1,0,1,4,648,5,15.62502825,8.083637203
6090000,6615,4,2,2,1,1,0,1,0,1,0,1,2,1102.5,6,15.6221588,8.797246237
6090000,6600,3,1,1,1,1,1,0,0,2,1,1,3,1650,4,15.6221588,8.794976432
6090000,8372,3,1,3,1,0,0,0,1,2,0,2,3,2093,4,15.6221588,9.032767522
6083000,4300,6,2,2,1,0,0,0,0,0,0,0,3,537.5,8,15.62100872,8.366602833
6083000,9620,3,1,1,1,0,1,0,0,2,1,0,3,2405,4,15.62100872,9.171703488
6020000,6800,2,1,1,1,1,1,0,0,2,0,0,2,2266.666667,3,15.61059798,8.824824939
6020000,8000,3,1,1,1,1,1,0,1,2,1,1,3,2000,4,15.61059798,8.987321813
6020000,6900,3,2,1,1,1,1,0,0,0,1,2,1.5,1380,5,15.61059798,8.839421608
5950000,3700,4,1,2,1,1,0,0,1,0,0,0,4,740,5,15.59890195,8.216358332
5950000,6420,3,1,1,1,0,1,0,1,0,1,0,3,1605,4,15.59890195,8.767329148
5950000,7020,3,1,1,1,0,1,0,1,2,1,1,3,1755,4,15.59890195,8.856660937
5950000,6540,3,1,1,1,1,1,0,0,2,1,0,3,1635,4,15.59890195,8.785845338
5950000,7231,3,1,2,1,1,1,0,1,0,1,1,3,1807.75,4,15.59890195,8.886270902
5950000,6254,4,2,1,1,0,1,0,0,1,1,1,2,1042.333333,6,15.59890195,8.741136423
5950000,7320,4,2,2,1,0,0,0,0,0,0,0,2,1220,6,15.59890195,8.89850221
5950000,6525,3,2,4,1,0,0,0,0,1,0,0,1.5,1305,5,15.59890195,8.783549477
5943000,15600,3,1,1,1,0,0,0,1,2,0,1,3,3900,4,15.59772478,9.655090294
5880000,7160,3,1,1,1,0,1,0,0,2,1,2,3,1790,4,15.58706749,8.876404915
5880000,6500,3,2,3,1,0,0,0,1,0,0,2,1.5,1300,5,15.58706749,8.77971129
5873000,5500,3,1,3,1,1,0,0,1,1,0,0,3,1375,4,15.5858763,8.612685173
5873000,11460,3,1,3,1,0,0,0,0,2,1,1,3,2865,4,15.5858763,9.346705246
5866000,4800,3,1,1,1,1,1,0,0,0,0,2,3,1200,4,15.5846837,8.476579509
5810000,5828,4,1,4,1,1,0,0,0,0,0,1,4,1165.6,5,15.5750913,8.670600738
5810000,5200,3,1,3,1,0,0,0,1,0,0,1,3,1300,4,15.5750913,8.556606194
5810000,4800,3,1,3,1,0,0,0,1,0,0,2,3,1200,4,15.5750913,8.476579509
5803000,7000,3,1,1,1,0,1,0,0,2,1,1,3,1750,4,15.57388576,8.853808275
5775000,6000,3,2,4,1,0,0,0,1,0,0,2,1.5,1200,5,15.56904899,8.699681401
5740000,5400,4,2,2,1,0,0,0,1,2,0,2,2,900,6,15.56296994,8.594339401
5740000,4640,4,1,2,1,0,0,0,0,1,0,1,4,928,5,15.56296994,8.442685139
5740000,5000,3,1,3,1,0,0,0,1,0,0,1,3,1250,4,15.56296994,8.517393171
5740000,6360,3,1,1,1,1,1,0,1,2,1,0,3,1590,4,15.56296994,8.757940877
5740000,5800,3,2,4,1,0,0,0,1,0,0,2,1.5,1160,5,15.56296994,8.665785595
5652500,6660,4,2,2,1,1,1,0,0,1,1,1,2,1110,6,15.54760866,8.804024902
5600000,10500,4,2,2,1,0,0,0,0,1,0,1,2,1750,6,15.53827733,9.25922577
5600000,4800,5,2,3,0,0,1,1,0,0,0,2,2.5,685.7142857,7,15.53827733,8.476579509
5600000,4700,4,1,2,1,1,1,0,1,1,0,0,4,940,5,15.53827733,8.455530531
5600000,5000,3,1,4,1,0,0,0,0,0,0,0,3,1250,4,15.53827733,8.517393171
5600000,10500,2,1,1,1,0,0,0,0,1,0,1,2,3500,3,15.53827733,9.25922577
5600000,5500,3,2,2,1,0,0,0,0,1,0,1,1.5,1100,5,15.53827733,8.612685173
5600000,6360,3,1,3,1,0,0,0,0,0,1,1,3,1590,4,15.53827733,8.757940877
5600000,6600,4,2,1,1,0,1,0,0,0,1,1,2,1100,6,15.53827733,8.794976432
5600000,5136,3,1,2,1,1,1,0,1,0,1,2,3,1284,4,15.53827733,8.54422453
5565000,4400,4,1,2,1,0,0,0,1,2,1,1,4,880,5,15.53200772,8.389587067
5565000,5400,5,1,2,1,1,1,0,1,0,1,0,5,900,6,15.53200772,8.594339401
5530000,3300,3,3,2,1,0,1,0,0,0,0,1,1,550,6,15.52569855,8.101980732
5530000,3650,3,2,2,1,0,0,0,0,2,0,1,1.5,730,5,15.52569855,8.202756382
5530000,6100,3,2,1,1,0,1,0,0,2,1,0,1.5,1220,5,15.52569855,8.716207971
5523000,6900,3,1,1,1,1,1,0,0,0,1,1,3,1725,4,15.52443193,8.839421608
5495000,2817,4,2,2,0,1,1,0,0,1,0,0,2,469.5,6,15.51934933,7.943782692
5495000,7980,3,1,1,1,0,0,0,0,2,0,1,3,1995,4,15.51934933,8.984818996
5460000,3150,3,2,1,1,1,1,0,1,0,0,0,1.5,630,5,15.51295953,8.055475142
5460000,6210,4,1,4,1,1,0,0,1,0,0,0,4,1242,5,15.51295953,8.734077193
5460000,6100,3,1,3,1,1,0,0,1,0,1,1,3,1525,4,15.51295953,8.716207971
5460000,6600,4,2,2,1,1,1,0,0,0,1,1,2,1100,6,15.51295953,8.794976432
5425000,6825,3,1,1,1,1,1,0,1,0,1,1,3,1706.25,4,15.50652864,8.828494129
5390000,6710,3,2,2,1,1,1,0,0,1,1,0,1.5,1342,5,15.50005613,8.81150325
5383000,6450,3,2,1,1,1,1,1,0,0,0,2,1.5,1290,5,15.49875658,8.771990437
5320000,7800,3,1,1,1,0,1,0,1,2,1,2,3,1950,4,15.48698405,8.96200721
5285000,4600,2,2,1,1,0,0,0,1,2,0,1,1,1150,4,15.48038337,8.43402895
5250000,4260,4,1,2,1,0,1,0,1,0,0,0,4,852,5,15.47373883,8.357259153
5250000,6540,4,2,2,0,0,0,0,1,0,0,1,2,1090,6,15.47373883,8.785845338
5250000,5500,3,2,1,1,0,1,0,0,0,0,1,1.5,1100,5,15.47373883,8.612685173
5250000,10269,3,1,1,1,0,0,0,0,1,1,1,3,2567.25,4,15.47373883,9.236982303
5250000,8400,3,1,2,1,1,1,0,1,2,1,2,3,2100,4,15.47373883,9.036106025
5250000,5300,4,2,1,1,0,0,0,1,0,1,2,2,883.3333333,6,15.47373883,8.575650761
5250000,3800,3,1,2,1,1,1,0,0,1,1,2,3,950,4,15.47373883,8.243019469
5250000,9800,4,2,2,1,1,0,0,0,2,0,1,2,1633.333333,6,15.47373883,9.1902397
5250000,8520,3,1,1,1,0,0,0,1,2,0,0,3,2130,4,15.47373883,9.050288984
5243000,6050,3,1,1,1,0,1,0,0,0,1,1,3,1512.5,4,15.4724046,8.707978827
5229000,7085,3,1,1,1,1,1,0,0,2,1,1,3,1771.25,4,15.4697308,8.865876285
5215000,3180,3,2,2,1,0,0,0,0,2,0,1,1.5,636,5,15.46704984,8.064950892
5215000,4500,4,2,1,0,0,1,0,1,2,0,1,2,750,6,15.46704984,8.412054873
5215000,7200,3,1,2,1,1,1,0,0,1,1,0,3,1800,4,15.46704984,8.881975184
5145000,3410,3,1,2,0,0,0,0,1,0,0,1,3,852.5,4,15.45353612,8.134760782
5145000,7980,3,1,1,1,0,0,0,0,1,1,1,3,1995,4,15.45353612,8.984818996
5110000,3000,3,2,2,1,1,1,0,0,0,0,0,1.5,600,5,15.44671016,8.006700845
5110000,3000,3,1,2,1,0,1,0,0,0,0,2,3,750,4,15.44671016,8.006700845
5110000,11410,2,1,2,1,0,0,0,0,0,1,0,2,3803.333333,3,15.44671016,9.342333081
5110000,6100,3,1,1,1,0,1,0,1,0,1,1,3,1525,4,15.44671016,8.716207971
5075000,5720,2,1,2,1,0,0,0,1,0,1,2,2,1906.666667,3,15.43983728,8.651898894
5040000,3540,2,1,1,0,1,1,0,0,0,0,1,2,1180,3,15.43291684,8.172164452
5040000,7600,4,1,2,1,0,0,0,1,2,0,0,4,1520,5,15.43291684,8.936035097
5040000,10700,3,1,2,1,1,1,0,0,0,0,1,3,2675,4,15.43291684,9.278092474
5040000,6600,3,1,1,1,1,1,0,0,0,1,0,3,1650,4,15.43291684,8.794976432
5033000,4800,2,1,1,1,1,1,0,0,0,0,1,2,1600,3,15.43152698,8.476579509
5005000,8150,3,2,1,1,1,1,0,0,0,0,1,1.5,1630,5,15.42594817,9.005895898
4970000,4410,4,3,2,1,0,1,0,0,2,0,1,1.333333333,630,7,15.4189306,8.3918567
4970000,7686,3,1,1,1,1,1,1,0,0,0,1,3,1921.5,4,15.4189306,8.947285869
4956000,2800,3,2,2,0,0,1,0,1,1,0,1,1.5,560,5,15.41610972,7.937731775
4935000,5948,3,1,2,1,0,0,0,1,0,0,1,3,1487,4,15.41186343,8.690978417
4907000,4200,3,1,2,1,0,0,0,0,1,0,0,3,1050,4,15.40617352,8.343077871
4900000,4520,3,1,2,1,0,1,0,1,0,0,1,3,1130,4,15.40474597,8.416488487
4900000,4095,3,1,2,0,1,1,0,1,0,0,1,3,1023.75,4,15.40474597,8.317766167
4900000,4120,2,1,1,1,0,1,0,0,1,0,1,2,1373.333333,3,15.40474597,8.323851131
4900000,5400,4,1,2,1,0,0,0,0,0,0,1,4,1080,5,15.40474597,8.594339401
4900000,4770,3,1,1,1,1,1,0,0,0,0,1,3,1192.5,4,15.40474597,8.470311206
4900000,6300,3,1,1,1,0,0,0,1,2,0,1,3,1575,4,15.40474597,8.74846363
4900000,5800,2,1,1,1,1,1,0,1,0,0,1,2,1933.333333,3,15.40474597,8.665785595
4900000,3000,3,1,2,1,0,1,0,1,0,0,1,3,750,4,15.40474597,8.006700845
4900000,2970,3,1,3,1,0,0,0,0,0,0,1,3,742.5,4,15.40474597,7.996653875
4900000,6720,3,1,1,1,0,0,0,0,0,0,2,3,1680,4,15.40474597,8.812992232
4900000,4646,3,1,2,1,1,1,0,0,2,0,1,3,1161.5,4,15.40474597,8.443977129
4900000,12900,3,1,1,1,0,0,0,0,2,0,0,3,3225,4,15.40474597,9.465060107
4893000,3420,4,2,2,1,0,1,0,1,2,0,1,2,570,6,15.40331637,8.137688185
4893000,4995,4,2,1,1,0,1,0,0,0,0,1,2,832.5,6,15.40331637,8.516392871
4865000,4350,2,1,1,1,0,1,0,0,0,0,2,2,1450,3,15.39757748,8.378160983
4830000,4160,3,1,3,1,0,0,0,0,0,0,2,3,1040,4,15.39035723,8.333510709
4830000,6040,3,1,1,1,0,0,0,0,2,1,1,3,1510,4,15.39035723,8.70632484
4830000,6862,3,1,2,1,0,0,0,1,2,1,0,3,1715.5,4,15.39035723,8.833899943
4830000,4815,2,1,1,1,0,0,0,1,0,1,1,2,1605,3,15.39035723,8.479698987
4795000,7000,3,1,2,1,0,1,0,0,0,0,2,3,1750,4,15.38308447,8.853808275
4795000,8100,4,1,4,1,0,1,0,1,2,0,1,4,1620,5,15.38308447,8.99974279
4767000,3420,4,2,2,1,0,0,0,0,0,0,1,2,570,6,15.37722794,8.137688185
4760000,9166,2,1,1,1,0,1,0,1,2,0,1,2,3055.333333,3,15.37575844,9.123365358
4760000,6321,3,1,2,1,0,1,0,1,1,0,0,3,1580.25,4,15.37575844,8.751790893
4760000,10240,2,1,1,1,0,0,0,1,2,1,2,2,3413.333333,3,15.37575844,9.23415455
4753000,6440,2,1,1,1,0,0,0,1,3,0,1,2,2146.666667,3,15.37428677,8.770439087
4690000,5170,3,1,4,1,0,0,0,1,0,0,1,3,1292.5,4,15.36094335,8.550821372
4690000,6000,2,1,1,1,0,1,0,1,1,0,0,2,2000,3,15.36094335,8.699681401
4690000,3630,3,1,2,1,0,0,0,0,2,0,1,3,907.5,4,15.36094335,8.197263371
4690000,9667,4,2,2,1,1,1,0,0,1,0,1,2,1611.166667,6,15.36094335,9.176576742
4690000,5400,2,1,2,1,0,0,0,0,0,1,1,2,1800,3,15.36094335,8.594339401
4690000,4320,3,1,1,1,0,0,0,0,0,1,1,3,1080,4,15.36094335,8.371242136
4655000,3745,3,1,2,1,0,1,0,0,0,0,0,3,936.25,4,15.35345268,8.228443883
4620000,4160,3,1,1,1,1,1,0,1,0,0,2,3,1040,4,15.34590548,8.333510709
4620000,3880,3,2,2,1,0,1,0,0,2,0,1,1.5,776,5,15.34590548,8.263848131
4620000,5680,3,1,2,1,1,0,0,1,1,0,1,3,1420,4,15.34590548,8.644882553
4620000,2870,2,1,2,1,1,1,0,0,0,1,1,2,956.6666667,3,15.34590548,7.96241568
4620000,5010,3,1,2,1,0,1,0,0,0,0,1,3,1252.5,4,15.34590548,8.519390775
4613000,4510,4,2,2,1,0,1,0,0,0,0,1,2,751.6666667,6,15.34438918,8.414274137
4585000,4000,3,1,2,1,0,0,0,0,1,0,0,3,1000,4,15.33830088,8.294299609
4585000,3840,3,1,2,1,0,0,0,0,1,1,1,3,960,4,15.33830088,8.253488028
4550000,3760,3,1,1,1,0,0,0,0,2,0,1,3,940,4,15.33063801,8.232440158
4550000,3640,3,1,2,1,0,0,0,1,0,0,0,3,910,4,15.33063801,8.200013648
4550000,2550,3,1,2,1,0,1,0,0,0,0,0,3,637.5,4,15.33063801,7.844240718
4550000,5320,3,1,2,1,1,1,0,0,0,1,1,3,1330,4,15.33063801,8.579416535
4550000,5360,3,1,2,1,0,0,0,0,2,1,2,3,1340,4,15.33063801,8.586905804
4550000,3520,3,1,1,1,0,0,0,0,0,1,1,3,880,4,15.33063801,8.166500319
4550000,8400,4,1,4,1,0,0,0,0,3,0,2,4,1680,5,15.33063801,9.036106025
4543000,4100,2,2,1,1,1,1,0,0,0,0,1,1,1025,4,15.32909836,8.318986125
4543000,4990,4,2,2,1,1,1,0,0,0,1,0,2,831.6666667,6,15.32909836,8.515391569
4515000,3510,3,1,3,1,0,0,0,0,0,0,1,3,877.5,4,15.32291597,8.163656176
4515000,3450,3,1,2,1,0,1,0,0,1,0,1,3,862.5,4,15.32291597,8.146419323
4515000,9860,3,1,1,1,0,0,0,0,0,0,1,3,2465,4,15.32291597,9.196342862
4515000,3520,2,1,2,1,0,0,0,0,0,1,0,2,1173.333333,3,15.32291597,8.166500319
4480000,4510,4,1,2,1,0,0,0,1,2,0,1,4,902,5,15.31513383,8.414274137
4480000,5885,2,1,1,1,0,0,0,1,1,0,2,2,1961.666667,3,15.31513383,8.680331929
4480000,4000,3,1,2,1,0,0,0,0,2,0,0,3,1000,4,15.31513383,8.294299609
4480000,8250,3,1,1,1,0,0,0,0,0,0,0,3,2062.5,4,15.31513383,9.018089684
4480000,4040,3,1,2,1,0,0,0,0,1,0,1,3,1010,4,15.31513383,8.304247465
4473000,6360,2,1,1,1,0,1,0,1,1,0,0,2,2120,3,15.31357011,8.757940877
4473000,3162,3,1,2,1,0,0,0,1,1,0,0,3,790.5,4,15.31357011,8.059276223
4473000,3510,3,1,2,1,0,0,0,0,0,0,1,3,877.5,4,15.31357011,8.163656176
4445000,3750,2,1,1,1,1,1,0,0,0,0,1,2,1250,3,15.30729065,8.22977775
4410000,3968,3,1,2,0,0,0,0,0,0,0,1,3,992,4,15.29938547,8.286269453
4410000,4900,2,1,2,1,0,1,0,0,0,0,1,2,1633.333333,3,15.29938547,8.497194545
4403000,2880,3,1,2,1,0,0,0,0,0,1,1,3,720,4,15.29779691,7.965892735
4403000,4880,3,1,1,1,0,0,0,0,2,1,2,3,1220,4,15.29779691,8.493105396
4403000,4920,3,1,2,1,0,0,0,0,1,0,1,3,1230,4,15.29779691,8.501267041
4382000,4950,4,1,2,1,0,0,0,1,0,0,1,4,990,5,15.29301603,8.507344855
4375000,3900,3,1,2,1,0,0,0,0,0,0,2,3,975,4,15.29141731,8.26898821
4340000,4500,3,2,3,1,0,0,1,0,1,0,0,1.5,900,5,15.28338514,8.412054873
4340000,1905,5,1,2,0,0,1,0,0,0,0,1,5,317.5,6,15.28338514,7.552762084
4340000,4075,3,1,1,1,1,1,0,0,2,0,1,3,1018.75,4,15.28338514,8.312871394
4340000,3500,4,1,2,1,0,0,0,0,2,0,0,4,700,5,15.28338514,8.160803921
4340000,6450,4,1,2,1,0,0,0,0,0,0,1,4,1290,5,15.28338514,8.771990437
4319000,4032,2,1,1,1,0,1,0,0,0,0,0,2,1344,3,15.27853468,8.302265795
4305000,4400,2,1,1,1,0,0,0,0,1,0,1,2,1466.666667,3,15.27528793,8.389587067
4305000,10360,2,1,1,1,0,0,0,0,1,1,1,2,3453.333333,3,15.27528793,9.245804036
4277000,3400,3,1,2,1,0,1,0,0,2,1,1,3,850,4,15.26876262,8.131824785
4270000,6360,2,1,1,1,0,0,0,0,0,0,0,2,2120,3,15.26712462,8.757940877
4270000,6360,2,1,2,1,0,0,0,0,0,0,2,2,2120,3,15.26712462,8.757940877
4270000,4500,2,1,1,1,0,0,0,1,2,0,0,2,1500,3,15.26712462,8.412054873
4270000,2175,3,1,2,0,1,1,0,1,0,0,2,3,543.75,4,15.26712462,7.685243608
4270000,4360,4,1,2,1,0,0,0,0,0,0,0,4,872,5,15.26712462,8.380456668
4270000,7770,2,1,1,1,0,0,0,0,1,0,0,2,2590,3,15.26712462,8.958154135
4235000,6650,3,1,2,1,1,0,0,0,0,0,1,3,1662.5,4,15.25889412,8.802522498
4235000,2787,3,1,1,1,0,1,0,0,0,1,0,3,696.75,4,15.25889412,7.933079772
4200000,5500,3,1,2,1,0,0,0,1,0,0,2,3,1375,4,15.25059532,8.612685173
4200000,5040,3,1,2,1,0,1,0,1,0,0,2,3,1260,4,15.25059532,8.525359754
4200000,5850,2,1,1,1,1,1,0,0,2,0,1,2,1950,3,15.25059532,8.674367866
4200000,2610,4,3,2,0,0,0,0,0,0,0,1,1.333333333,372.8571429,7,15.25059532,7.867488569
4200000,2953,3,1,2,1,0,1,0,1,0,0,2,3,738.25,4,15.25059532,7.990915463
4200000,2747,4,2,2,0,0,0,0,0,0,0,1,2,457.8333333,6,15.25059532,7.918628653
4200000,4410,2,1,1,0,0,0,0,0,1,0,2,2,1470,3,15.25059532,8.3918567
4200000,4000,4,2,2,0,0,0,0,0,0,0,1,2,666.6666667,6,15.25059532,8.294299609
4200000,2325,3,1,2,0,0,0,0,0,0,0,1,3,581.25,4,15.25059532,7.751905333
4200000,4600,3,2,2,1,0,0,0,1,1,0,1,1.5,920,5,15.25059532,8.43402895
4200000,3640,3,2,2,1,0,1,0,0,0,0,2,1.5,728,5,15.25059532,8.200013648
4200000,5800,3,1,1,1,0,0,1,0,2,0,1,3,1450,4,15.25059532,8.665785595
4200000,7000,3,1,1,1,0,0,0,0,3,0,0,3,1750,4,15.25059532,8.853808275
4200000,4079,3,1,3,1,0,0,0,0,0,0,1,3,1019.75,4,15.25059532,8.313852267
4200000,3520,3,1,2,1,0,0,0,0,0,1,1,3,880,4,15.25059532,8.166500319
4200000,2145,3,1,3,1,0,0,0,0,1,1,2,3,536.25,4,15.25059532,7.671360923
4200000,4500,3,1,1,1,0,1,0,0,0,0,0,3,1125,4,15.25059532,8.412054873
4193000,8250,3,1,1,1,0,1,0,0,3,0,1,3,2062.5,4,15.24892726,9.018089684
4193000,3450,3,1,2,1,0,0,0,0,1,0,1,3,862.5,4,15.24892726,8.146419323
4165000,4840,3,1,2,1,0,0,0,0,1,0,1,3,1210,4,15.24222707,8.48487659
4165000,4080,3,1,2,1,0,0,0,0,2,0,1,3,1020,4,15.24222707,8.314097335
4165000,4046,3,1,2,1,0,1,0,0,1,0,1,3,1011.5,4,15.24222707,8.305731145
4130000,4632,4,1,2,1,0,0,0,1,0,0,1,4,926.4,5,15.23378821,8.440959885
4130000,5985,3,1,1,1,0,1,0,0,0,0,1,3,1496.25,4,15.23378821,8.697178688
4123000,6060,2,1,1,1,0,1,0,0,1,0,1,2,2020,3,15.23209185,8.709630082
4098500,3600,3,1,1,1,0,1,0,1,0,1,0,3,900,4,15.22613186,8.188966864
4095000,3680,3,2,2,1,0,0,0,0,0,0,1,1.5,736,5,15.22527752,8.210939733
4095000,4040,2,1,2,1,0,0,0,0,1,0,1,2,1346.666667,3,15.22527752,8.304247465
4095000,5600,2,1,1,1,0,0,0,1,0,0,1,2,1866.666667,3,15.22527752,8.630700432
4060000,5900,4,2,2,0,0,1,0,0,1,0,2,2,983.3333333,6,15.21669378,8.682877107
4060000,4992,3,2,2,1,0,0,0,0,2,0,2,1.5,998.4,5,15.21669378,8.515792211
4060000,4340,3,1,1,1,0,0,0,0,0,0,1,3,1085,4,15.21669378,8.375860015
4060000,3000,4,1,3,1,0,1,0,1,2,0,1,4,600,5,15.21669378,8.006700845
4060000,4320,3,1,2,1,0,0,0,0,2,1,0,3,1080,4,15.21669378,8.371242136
4025000,3630,3,2,2,1,0,0,1,0,2,0,1,1.5,726,5,15.20803572,8.197263371
4025000,3460,3,2,1,1,0,1,0,1,1,0,0,1.5,692,5,15.20803572,8.149312844
4025000,5400,3,1,1,1,0,0,0,0,3,0,1,3,1350,4,15.20803572,8.594339401
4007500,4500,3,1,2,0,0,1,0,1,0,0,1,3,1125,4,15.20367841,8.412054873
4007500,3460,4,1,2,1,0,0,0,1,0,0,1,4,692,5,15.20367841,8.149312844
3990000,4100,4,1,1,0,0,1,0,0,0,0,2,4,820,5,15.19930204,8.318986125
3990000,6480,3,1,2,0,0,0,0,1,1,0,1,3,1620,4,15.19930204,8.776630098
3990000,4500,3,2,2,0,0,1,0,1,0,0,1,1.5,900,5,15.19930204,8.412054873
3990000,3960,3,1,2,1,0,0,0,0,0,0,0,3,990,4,15.19930204,8.284251798
3990000,4050,2,1,2,1,1,1,0,0,0,1,2,2,1350,3,15.19930204,8.306719043
3920000,7260,3,2,1,1,1,1,0,0,3,0,0,1.5,1452,5,15.18160247,8.890272839
3920000,5500,4,1,2,1,1,1,0,0,0,0,1,4,1100,5,15.18160247,8.612685173
3920000,3000,3,1,2,1,0,0,0,0,0,0,1,3,750,4,15.18160247,8.006700845
3920000,3290,2,1,1,1,0,0,1,0,1,0,0,2,1096.666667,3,15.18160247,8.098946749
3920000,3816,2,1,1,1,0,1,0,1,2,0,0,2,1272,3,15.18160247,8.247220053
3920000,8080,3,1,1,1,0,0,0,1,2,0,1,3,2020,4,15.18160247,8.997270906
3920000,2145,4,2,1,1,0,1,0,0,0,1,2,2,357.5,6,15.18160247,7.671360923
3885000,3780,2,1,2,1,1,1,0,0,0,0,1,2,1260,3,15.1726338,8.237743804
3885000,3180,4,2,2,1,0,0,0,0,0,0,0,2,530,6,15.1726338,8.064950892
3850000,5300,5,2,2,1,0,0,0,0,0,0,1,2.5,757.1428571,7,15.16358397,8.575650761
3850000,3180,2,2,1,1,0,1,0,0,2,0,1,1,795,4,15.16358397,8.064950892
3850000,7152,3,1,2,1,0,0,0,1,0,0,0,3,1788,4,15.16358397,8.875287128
3850000,4080,2,1,1,1,0,0,0,0,0,0,1,2,1360,3,15.16358397,8.314097335
3850000,3850,2,1,1,1,0,0,0,0,0,0,1,2,1283.333333,3,15.16358397,8.256088134
3850000,2015,3,1,2,1,0,1,0,0,0,1,1,3,503.75,4,15.16358397,7.608870629
3850000,2176,2,1,2,1,1,0,0,0,0,1,1,2,725.3333333,3,15.16358397,7.685703061
3836000,3350,3,1,2,1,0,0,0,0,0,0,2,3,837.5,4,15.15994098,8.117014088
3815000,3150,2,2,1,0,0,1,0,0,0,0,1,1,787.5,4,15.15445148,8.055475142
3780000,4820,3,1,2,1,0,0,0,0,0,0,1,3,1205,4,15.14523483,8.480736654
3780000,3420,2,1,2,1,0,0,1,0,1,0,1,2,1140,3,15.14523483,8.137688185
3780000,3600,2,1,1,1,0,0,0,0,0,0,1,2,1200,3,15.14523483,8.188966864
3780000,5830,2,1,1,1,0,0,0,0,2,0,2,2,1943.333333,3,15.14523483,8.670943791
3780000,2856,3,1,3,1,0,0,0,0,0,1,0,3,714,4,15.14523483,7.957527402
3780000,8400,2,1,1,1,0,0,0,0,1,0,0,2,2800,3,15.14523483,9.036106025
3773000,8250,3,1,1,1,0,0,0,0,2,0,0,3,2062.5,4,15.14338126,9.018089684
3773000,2520,5,2,1,0,0,1,0,1,1,0,0,2.5,360,7,15.14338126,7.832410927
3773000,6930,4,1,2,0,0,0,0,0,1,0,0,4,1386,5,15.14338126,8.843759382
3745000,3480,2,1,1,1,0,0,0,0,0,1,1,2,1160,3,15.13593244,8.155074888
3710000,3600,3,1,1,1,0,0,0,0,1,0,2,3,900,4,15.1265427,8.188966864
3710000,4040,2,1,1,1,0,0,0,0,0,0,1,2,1346.666667,3,15.1265427,8.304247465
3710000,6020,3,1,1,1,0,0,0,0,0,0,1,3,1505,4,15.1265427,8.703008637
3710000,4050,2,1,1,1,0,0,0,0,0,0,0,2,1350,3,15.1265427,8.306719043
3710000,3584,2,1,1,1,0,0,1,0,0,0,1,2,1194.666667,3,15.1265427,8.184513753
3703000,3120,3,1,2,0,0,1,1,0,0,0,1,3,780,4,15.12465413,8.045908742
3703000,5450,2,1,1,1,0,0,0,0,0,0,0,2,1816.666667,3,15.12465413,8.603554357
3675000,3630,2,1,1,1,0,1,0,0,0,0,0,2,1210,3,15.11706396,8.197263371
3675000,3630,2,1,1,1,0,0,0,1,0,0,2,2,1210,3,15.11706396,8.197263371
3675000,5640,2,1,1,0,0,0,0,0,0,0,1,2,1880,3,15.11706396,8.637816634
3675000,3600,2,1,1,1,0,0,0,0,0,0,0,2,1200,3,15.11706396,8.188966864
3640000,4280,2,1,1,1,0,0,0,1,2,0,1,2,1426.666667,3,15.10749451,8.361941906
3640000,3570,3,1,2,1,0,1,0,0,0,0,1,3,892.5,4,15.10749451,8.180600948
3640000,3180,3,1,2,0,0,1,0,0,0,0,1,3,795,4,15.10749451,8.064950892
3640000,3000,2,1,2,1,0,0,0,1,0,0,0,2,1000,3,15.10749451,8.006700845
3640000,3520,2,2,1,1,0,1,0,0,0,0,1,1,880,4,15.10749451,8.166500319
3640000,5960,3,1,2,1,1,1,0,0,0,0,2,3,1490,4,15.10749451,8.692993531
3640000,4130,3,2,2,1,0,0,0,0,2,0,1,1.5,826,5,15.10749451,8.326274787
3640000,2850,3,2,2,0,0,1,0,0,0,1,2,1.5,570,5,15.10749451,7.955425089
3640000,2275,3,1,3,1,0,0,1,1,0,1,1,3,568.75,4,15.10749451,7.730174795
3633000,3520,3,1,1,1,0,0,0,0,2,1,2,3,880,4,15.10556959,8.166500319
3605000,4500,2,1,1,1,0,0,0,0,0,0,1,2,1500,3,15.09783261,8.412054873
3605000,4000,2,1,1,1,0,0,0,0,0,1,1,2,1333.333333,3,15.09783261,8.294299609
3570000,3150,3,1,2,1,0,1,0,0,0,0,0,3,787.5,4,15.08807643,8.055475142
3570000,4500,4,2,2,1,0,1,0,0,2,0,0,2,750,6,15.08807643,8.412054873
3570000,4500,2,1,1,0,0,0,0,0,0,0,0,2,1500,3,15.08807643,8.412054873
3570000,3640,2,1,1,1,0,0,0,0,0,0,2,2,1213.333333,3,15.08807643,8.200013648
3535000,3850,3,1,1,1,0,0,0,0,2,0,2,3,962.5,4,15.07822414,8.256088134
3500000,4240,3,1,2,1,0,0,0,1,0,0,1,3,1060,4,15.06827381,8.352554369
3500000,3650,3,1,2,1,0,0,0,0,0,0,2,3,912.5,4,15.06827381,8.202756382
3500000,4600,4,1,2,1,0,0,0,0,0,0,1,4,920,5,15.06827381,8.43402895
3500000,2135,3,2,2,0,0,0,0,0,0,0,2,1.5,427,5,15.06827381,7.6666902
3500000,3036,3,1,2,1,0,1,0,0,0,0,1,3,759,4,15.06827381,8.018625465
3500000,3990,3,1,2,1,0,0,0,0,0,0,1,3,997.5,4,15.06827381,8.291797105
3500000,7424,3,1,1,0,0,0,0,0,0,0,2,3,1856,4,15.06827381,8.912607964
3500000,3480,3,1,1,0,0,0,0,1,0,0,2,3,870,4,15.06827381,8.155074888
3500000,3600,6,1,2,1,0,0,0,0,1,0,2,6,514.2857143,7,15.06827381,8.188966864
3500000,3640,2,1,1,1,0,0,0,0,1,0,1,2,1213.333333,3,15.06827381,8.200013648
3500000,5900,2,1,1,1,0,0,0,0,1,0,0,2,1966.666667,3,15.06827381,8.682877107
3500000,3120,3,1,2,1,0,0,0,0,1,0,2,3,780,4,15.06827381,8.045908742
3500000,7350,2,1,1,1,0,0,0,0,1,0,1,2,2450,3,15.06827381,8.902591637
3500000,3512,2,1,1,1,0,0,0,0,1,1,2,2,1170.666667,3,15.06827381,8.164225652
3500000,9500,3,1,2,1,0,0,0,0,3,1,2,3,2375,4,15.06827381,9.159152335
3500000,5880,2,1,1,1,0,0,0,0,0,0,2,2,1960,3,15.06827381,8.679482094
3500000,12944,3,1,1,1,0,0,0,0,0,0,2,3,3236,4,15.06827381,9.468464892
3493000,4900,3,1,2,0,0,0,0,0,0,0,2,3,1225,4,15.06627181,8.497194545
3465000,3060,3,1,1,1,0,0,0,0,0,0,2,3,765,4,15.05822348,8.026496939
3465000,5320,2,1,1,1,0,0,0,0,1,1,2,2,1773.333333,3,15.05822348,8.579416535
3465000,2145,3,1,3,1,0,0,0,0,0,1,0,3,536.25,4,15.05822348,7.671360923
3430000,4000,2,1,1,1,0,0,0,0,0,0,2,2,1333.333333,3,15.04807111,8.294299609
3430000,3185,2,1,1,1,0,0,0,0,2,0,2,2,1061.666667,3,15.04807111,8.06652149
3430000,3850,3,1,1,1,0,0,0,0,0,0,2,3,962.5,4,15.04807111,8.256088134
3430000,2145,3,1,3,1,0,0,0,0,0,1,0,3,536.25,4,15.04807111,7.671360923
3430000,2610,3,1,2,1,0,1,0,0,0,1,2,3,652.5,4,15.04807111,7.867488569
3430000,1950,3,2,2,1,0,1,0,0,0,1,2,1.5,390,5,15.04807111,7.576097341
3423000,4040,2,1,1,1,0,0,0,0,0,0,2,2,1346.666667,3,15.04602821,8.304247465
3395000,4785,3,1,2,1,1,1,0,1,1,0,0,3,1196.25,4,15.03781461,8.473450268
3395000,3450,3,1,1,1,0,1,0,0,2,0,2,3,862.5,4,15.03781461,8.146419323
3395000,3640,2,1,1,1,0,0,0,0,0,0,0,2,1213.333333,3,15.03781461,8.200013648
3360000,3500,4,1,2,1,0,0,0,1,2,0,2,4,700,5,15.02745183,8.160803921
3360000,4960,4,1,3,0,0,0,0,0,0,0,1,4,992,5,15.02745183,8.509362612
3360000,4120,2,1,2,1,0,0,0,0,0,0,2,2,1373.333333,3,15.02745183,8.323851131
3360000,4750,2,1,1,1,0,0,0,0,0,0,2,2,1583.333333,3,15.02745183,8.466110401
3360000,3720,2,1,1,0,0,0,0,1,0,0,2,2,1240,3,15.02745183,8.221747728
3360000,3750,3,1,1,1,0,0,0,0,0,0,2,3,937.5,4,15.02745183,8.22977775
3360000,3100,3,1,2,0,0,1,0,0,0,0,1,3,775,4,15.02745183,8.039479919
3360000,3185,2,1,1,1,0,1,0,0,2,0,0,2,1061.666667,3,15.02745183,8.06652149
3353000,2700,3,1,1,0,0,0,0,0,0,0,0,3,675,4,15.02536632,7.901377354
3332000,2145,3,1,2,1,0,1,0,0,0,1,0,3,536.25,4,15.01908358,7.671360923
3325000,4040,2,1,1,1,0,0,0,0,1,0,2,2,1346.666667,3,15.01698053,8.304247465
3325000,4775,4,1,2,1,0,0,0,0,0,0,2,4,955,5,15.01698053,8.471358655
3290000,2500,2,1,1,0,0,0,0,1,0,0,2,2,833.3333333,3,15.00639843,7.824445931
3290000,3180,4,1,2,1,0,1,0,1,0,0,2,4,636,5,15.00639843,8.064950892
3290000,6060,3,1,1,1,1,1,0,0,0,0,0,3,1515,4,15.00639843,8.709630082
3290000,3480,4,1,2,0,0,0,0,0,1,0,1,4,696,5,15.00639843,8.155074888
3290000,3792,4,1,2,1,0,0,0,0,0,0,1,4,758.4,5,15.00639843,8.240912542
3290000,4040,2,1,1,1,0,0,0,0,0,0,2,2,1346.666667,3,15.00639843,8.304247465
3290000,2145,3,1,2,1,0,1,0,0,0,1,0,3,536.25,4,15.00639843,7.671360923
3290000,5880,3,1,1,1,0,0,0,0,1,0,2,3,1470,4,15.00639843,8.679482094
3255000,4500,2,1,1,0,0,0,0,0,0,0,1,2,1500,3,14.99570314,8.412054873
3255000,3930,2,1,1,0,0,0,0,0,0,0,2,2,1310,3,14.99570314,8.276649125
3234000,3640,4,1,2,1,0,1,0,0,0,0,2,4,728,5,14.98923063,8.200013648
3220000,4370,3,1,2,1,0,0,0,0,0,0,2,3,1092.5,4,14.98489223,8.382747095
3220000,2684,2,1,1,1,0,0,0,1,1,0,2,2,894.6666667,3,14.98489223,7.895436007
3220000,4320,3,1,1,0,0,0,0,0,1,0,2,3,1080,4,14.98489223,8.371242136
3220000,3120,3,1,2,0,0,0,0,0,0,0,0,3,780,4,14.98489223,8.045908742
3150000,3450,1,1,1,1,0,0,0,0,0,0,0,1,1725,2,14.96291333,8.146419323
3150000,3986,2,2,1,0,1,1,0,0,1,0,2,1,996.5,4,14.96291333,8.290794347
3150000,3500,2,1,1,0,0,1,0,0,0,0,1,2,1166.666667,3,14.96291333,8.160803921
3150000,4095,2,1,1,1,0,0,0,0,2,0,1,2,1365,3,14.96291333,8.317766167
3150000,1650,3,1,2,0,0,1,0,0,0,0,2,3,412.5,4,14.96291333,7.409136444
3150000,3450,3,1,2,1,0,1,0,0,0,0,1,3,862.5,4,14.96291333,8.146419323
3150000,6750,2,1,1,1,0,0,0,0,0,0,1,2,2250,3,14.96291333,8.817445921
3150000,9000,3,1,2,1,0,0,0,0,2,0,1,3,2250,4,14.96291333,9.105090961
3150000,3069,2,1,1,1,0,0,0,0,1,0,2,2,1023,3,14.96291333,8.029432841
3143000,4500,3,1,2,1,0,0,0,1,0,0,2,3,1125,4,14.96068863,8.412054873
3129000,5495,3,1,1,1,0,1,0,0,0,0,2,3,1373.75,4,14.95622434,8.611775834
3118850,2398,3,1,1,1,0,0,0,0,0,1,1,3,599.5,4,14.95297522,7.782807263
3115000,3000,3,1,1,0,0,0,0,1,0,0,2,3,750,4,14.95174003,8.006700845
3115000,3850,3,1,2,1,0,0,0,0,0,0,2,3,962.5,4,14.95174003,8.256088134
3115000,3500,2,1,1,1,0,0,0,0,0,0,2,2,1166.666667,3,14.95174003,8.160803921
3087000,8100,2,1,1,1,0,0,0,0,1,0,2,2,2700,3,14.94271063,8.99974279
3080000,4960,2,1,1,1,0,1,0,1,0,0,2,2,1653.333333,3,14.94044048,8.509362612
3080000,2160,3,1,2,0,0,1,0,0,0,0,1,3,540,4,14.94044048,7.678326357
3080000,3090,2,1,1,1,1,1,0,0,0,0,2,2,1030,3,14.94044048,8.036249942
3080000,4500,2,1,2,1,0,0,1,0,1,0,1,2,1500,3,14.94044048,8.412054873
3045000,3800,2,1,1,1,0,0,0,0,0,0,2,2,1266.666667,3,14.92901179,8.243019469
3010000,3090,3,1,2,0,0,0,0,0,0,0,1,3,772.5,4,14.91745097,8.036249942
3010000,3240,3,1,2,1,0,0,0,0,2,0,1,3,810,4,14.91745097,8.083637203
3010000,2835,2,1,1,1,0,0,0,0,0,0,1,2,945,3,14.91745097,7.950149888
3010000,4600,2,1,1,1,0,0,0,0,0,0,0,2,1533.333333,3,14.91745097,8.43402895
3010000,5076,3,1,1,0,0,0,0,0,0,0,2,3,1269,4,14.91745097,8.532475815
3010000,3750,3,1,2,1,0,0,0,0,0,0,2,3,937.5,4,14.91745097,8.22977775
3010000,3630,4,1,2,1,0,0,0,0,3,0,1,4,726,5,14.91745097,8.197263371
3003000,8050,2,1,1,1,0,0,0,0,0,0,2,2,2683.333333,3,14.91512268,8.993551586
2975000,4352,4,1,2,0,0,0,0,0,1,0,2,4,870.4,5,14.90575493,8.378620542
2961000,3000,2,1,2,1,0,0,0,0,0,0,1,2,1000,3,14.90103794,8.006700845
2940000,5850,3,1,2,1,0,1,0,0,1,0,2,3,1462.5,4,14.89392048,8.674367866
2940000,4960,2,1,1,1,0,0,0,0,0,0,2,2,1653.333333,3,14.89392048,8.509362612
2940000,3600,3,1,2,0,0,0,0,0,1,0,2,3,900,4,14.89392048,8.188966864
2940000,3660,4,1,2,0,0,0,0,0,0,0,2,4,732,5,14.89392048,8.205491613
2940000,3480,3,1,2,0,0,0,0,0,1,0,1,3,870,4,14.89392048,8.155074888
2940000,2700,2,1,1,0,0,0,0,0,0,0,0,2,900,3,14.89392048,7.901377354
2940000,3150,3,1,2,0,0,0,0,0,0,0,2,3,787.5,4,14.89392048,8.055475142
2940000,6615,3,1,2,1,0,0,0,0,0,0,1,3,1653.75,4,14.89392048,8.797246237
2870000,3040,2,1,1,0,0,0,0,0,0,0,2,2,1013.333333,3,14.86982294,8.019941688
2870000,3630,2,1,1,1,0,0,0,0,0,0,2,2,1210,3,14.86982294,8.197263371
2870000,6000,2,1,1,1,0,0,0,0,0,0,1,2,2000,3,14.86982294,8.699681401
2870000,5400,4,1,2,1,0,0,0,0,0,0,2,4,1080,5,14.86982294,8.594339401
2852500,5200,4,1,3,1,0,0,0,0,0,0,2,4,1040,5,14.86370671,8.556606194
2835000,3300,3,1,2,0,0,0,0,0,1,0,1,3,825,4,14.85755285,8.101980732
2835000,4350,3,1,2,0,0,0,1,0,1,0,2,3,1087.5,4,14.85755285,8.378160983
2835000,2640,2,1,1,0,0,0,0,0,1,0,0,2,880,3,14.85755285,7.878912912
2800000,2650,3,1,2,1,0,1,0,0,1,0,2,3,662.5,4,14.84513033,7.882692206
2800000,3960,3,1,1,1,0,0,0,0,0,0,0,3,990,4,14.84513033,8.284251798
2730000,6800,2,1,1,1,0,0,0,0,0,0,2,2,2266.666667,3,14.81981253,8.824824939
2730000,4000,3,1,2,1,0,0,0,0,1,0,2,3,1000,4,14.81981253,8.294299609
2695000,4000,2,1,1,1,0,0,0,0,0,0,2,2,1333.333333,3,14.80690913,8.294299609
2660000,3934,2,1,1,1,0,0,0,0,0,0,2,2,1311.333333,3,14.79383706,8.277666161
2660000,2000,2,1,2,1,0,0,0,0,0,0,1,2,666.6666667,3,14.79383706,7.601402335
2660000,3630,3,3,2,0,1,0,0,0,0,0,2,1,605,6,14.79383706,8.197263371
2660000,2800,3,1,1,1,0,0,0,0,0,0,2,3,700,4,14.79383706,7.937731775
2660000,2430,3,1,1,0,0,0,0,0,0,0,2,3,607.5,4,14.79383706,7.796057974
2660000,3480,2,1,1,1,0,0,0,0,1,0,1,2,1160,3,14.79383706,8.155074888
2660000,4000,3,1,1,1,0,0,0,0,0,0,1,3,1000,4,14.79383706,8.294299609
2653000,3185,2,1,1,1,0,0,0,1,0,0,2,2,1061.666667,3,14.79120201,8.06652149
2653000,4000,3,1,2,1,0,0,0,1,0,0,2,3,1000,4,14.79120201,8.294299609
2604000,2910,2,1,1,0,0,0,0,0,0,0,2,2,970,3,14.77255967,7.976251944
2590000,3600,2,1,1,1,0,0,0,0,0,0,2,2,1200,3,14.76716882,8.188966864
2590000,4400,2,1,1,1,0,0,0,0,0,0,2,2,1466.666667,3,14.76716882,8.389587067
2590000,3600,2,2,2,1,0,1,0,0,1,0,0,1,900,4,14.76716882,8.188966864
2520000,2880,3,1,1,0,0,0,0,0,0,0,2,3,720,4,14.73976986,7.965892735
2520000,3180,3,1,1,0,0,0,0,0,0,0,2,3,795,4,14.73976986,8.064950892
2520000,3000,2,1,2,1,0,0,0,0,0,0,0,2,1000,3,14.73976986,8.006700845
2485000,4400,3,1,2,1,0,0,0,0,0,0,2,3,1100,4,14.72578362,8.389587067
2485000,3000,3,1,2,0,0,0,0,0,0,0,1,3,750,4,14.72578362,8.006700845
2450000,3210,3,1,2,1,0,1,0,0,0,0,2,3,802.5,4,14.71159899,8.074337694
2450000,3240,2,1,1,0,1,0,0,0,1,0,2,2,1080,3,14.71159899,8.083637203
2450000,3000,2,1,1,1,0,0,0,0,1,0,2,2,1000,3,14.71159899,8.006700845
2450000,3500,2,1,1,1,1,0,0,0,0,0,2,2,1166.666667,3,14.71159899,8.160803921
2450000,4840,2,1,2,1,0,0,0,0,0,0,2,2,1613.333333,3,14.71159899,8.48487659
2450000,7700,2,1,1,1,0,0,0,0,0,0,2,2,2566.666667,3,14.71159899,8.94910547
2408000,3635,2,1,1,0,0,0,0,0,0,0,2,2,1211.666667,3,14.6943075,8.198639455
2380000,2475,3,1,2,1,0,0,0,0,0,0,0,3,618.75,4,14.68261147,7.814399634
2380000,2787,4,2,2,1,0,0,0,0,0,0,0,2,464.5,6,14.68261147,7.933079772
2380000,3264,2,1,1,1,0,0,0,0,0,0,2,2,1088,3,14.68261147,8.091015042
2345000,3640,2,1,1,1,0,0,0,0,0,0,2,2,1213.333333,3,14.66779639,8.200013648
2310000,3180,2,1,1,1,0,0,0,0,0,0,2,2,1060,3,14.65275852,8.064950892
2275000,1836,2,1,1,0,0,1,0,0,0,0,1,2,612,3,14.63749105,7.515889085
2275000,3970,1,1,1,0,0,0,0,0,0,0,2,1,1985,2,14.63749105,8.286773231
2275000,3970,3,1,2,1,0,1,0,0,0,0,2,3,992.5,4,14.63749105,8.286773231
2240000,1950,3,1,1,0,0,0,1,0,0,0,2,3,487.5,4,14.62198687,7.576097341
2233000,5300,3,1,1,0,0,0,0,1,0,1,2,3,1325,4,14.61885698,8.575650761
2135000,3000,2,1,1,0,0,0,0,0,0,0,2,2,1000,3,14.57397767,8.006700845
2100000,2400,3,1,2,1,0,0,0,0,0,0,2,3,600,4,14.55744838,7.783640596
2100000,3000,4,1,2,1,0,0,0,0,0,0,2,4,600,5,14.55744838,8.006700845
2100000,3360,2,1,1,1,0,0,0,0,1,0,2,2,1120,3,14.55744838,8.119993828
1960000,3420,5,1,2,0,0,0,0,0,0,0,2,5,570,6,14.48845554,8.137688185
1890000,1700,3,1,2,1,0,0,0,0,0,0,2,3,425,4,14.45208792,7.438971592
1890000,3649,2,1,1,1,0,0,0,0,0,0,2,2,1216.333333,3,14.45208792,8.202482447
1855000,2990,2,1,1,0,0,0,0,0,1,0,2,2,996.6666667,3,14.43339579,8.003363059
1820000,3000,2,1,1,1,0,1,0,0,2,0,2,2,1000,3,14.41434761,8.006700845
1767150,2400,3,1,1,0,0,0,0,0,0,0,1,3,600,4,14.3848792,7.783640596
1750000,3620,2,1,1,1,0,0,0,0,0,0,2,2,1206.666667,3,14.37512692,8.19450551
1750000,2910,3,1,1,0,0,0,0,0,0,0,0,3,727.5,4,14.37512692,7.976251944
1750000,3850,3,1,2,1,0,0,0,0,0,0,2,3,962.5,4,14.37512692,8.256088134
